"","AD.in.p1","lfc","p.adjusted"
"TRIM4","TRIM4","0.321092815",0.019750382
"RELA","RELA","0.346917905",0.047159721
"NFKB1","NFKB1","0.386285693",0.005782152
"IKBKB","IKBKB","0.516947763",0.014786157
"MAVS","MAVS","0.518366143",0.008491297
"NFKBIA","NFKBIA","0.738205778",1.65e-06
