"","HD.in.p2","lfc","q"
"BCL2L11","BCL2L11",0.399038386,0.015697002
"SMAD4","SMAD4",0.399987291,0.00041137
