"","HD.in.p3","lfc","q"
"NFKB1","NFKB1",0.255174192,0.022349586
"CHUK","CHUK",0.268092558,0.019610279
"MAP3K7","MAP3K7",0.271650084,0.009935818
"RELA","RELA",0.495670112,0.010636137
"NFKBIA","NFKBIA",1.0975264,3.32e-12
