"","PD.in.p2","lfc","q"
"SMAD4","SMAD4",0.225480466,0.017171483
"BCL2L11","BCL2L11",0.358699303,0.009721889
"RUNX3","RUNX3",1.091522071,0.000186411
