"","PD.in.p3","lfc","q"
"UBA52","UBA52",0.214710739,0.010693843
"RPS27A","RPS27A",0.249187223,0.023921895
"NFKB1","NFKB1",0.341884595,0.001055887
"NFKBIA","NFKBIA",0.837548219,3.83e-07
"RELA","RELA",0.96344626,2.42e-08
